Province,Municipality,Ward No,Name(s),Surname,Affilliation
Eastern Cape,Nelson Mandela Bay,29300004,NOZUKO MAVIS,MBAMBO,AFRICAN NATIONAL CONGRESS
Eastern Cape,Nelson Mandela Bay,29300014,MBULELO BRAVEMAN,QUPE,AFRICAN NATIONAL CONGRESS
Eastern Cape,Nelson Mandela Bay,29300015,MPUMELELO JULIUS,MAJOLA,AFRICAN NATIONAL CONGRESS
Eastern Cape,Nelson Mandela Bay,29300016,RUTH KUSELWA,NGXENGE,AFRICAN NATIONAL CONGRESS
Eastern Cape,Nelson Mandela Bay,29300017,LUDWE BRIAN,MNYANDU,AFRICAN NATIONAL CONGRESS
Eastern Cape,Nelson Mandela Bay,29300018,NKULULEKO,MAKHWENKWE,AFRICAN NATIONAL CONGRESS
Eastern Cape,Nelson Mandela Bay,29300019,GAMALIHLELI DEVELOP,MAQULA,AFRICAN NATIONAL CONGRESS
Eastern Cape,Nelson Mandela Bay,29300021,SIYAMCELA NICHOLUS,MLANGAZI,AFRICAN NATIONAL CONGRESS
Eastern Cape,Nelson Mandela Bay,29300022,MONWABISI RICHARD,JAKUJA,AFRICAN NATIONAL CONGRESS
Eastern Cape,Nelson Mandela Bay,29300023,NOSITHEMBISO,MAYEKISO,AFRICAN NATIONAL CONGRESS
Eastern Cape,Nelson Mandela Bay,29300024,XOLILE MIKE,VINQI,AFRICAN NATIONAL CONGRESS
Eastern Cape,Nelson Mandela Bay,29300025,ANELE HENDERSON,BELL,AFRICAN NATIONAL CONGRESS
Eastern Cape,Nelson Mandela Bay,29300026,PATRICK BUYISILE,VANI,AFRICAN NATIONAL CONGRESS
Eastern Cape,Nelson Mandela Bay,29300027,SICELO,MLEVE,AFRICAN NATIONAL CONGRESS
Eastern Cape,Nelson Mandela Bay,29300028,LUZUKO,PETER,AFRICAN NATIONAL CONGRESS
Eastern Cape,Nelson Mandela Bay,29300029,BENJAMIN,NOMNQA,AFRICAN NATIONAL CONGRESS
Eastern Cape,Nelson Mandela Bay,29300030,XOLANI LENNOX,NOTSHE,AFRICAN NATIONAL CONGRESS
Eastern Cape,Nelson Mandela Bay,29300033,BIDWELL MZWANDILE,SIDINA,AFRICAN NATIONAL CONGRESS
Eastern Cape,Nelson Mandela Bay,29300036,KHANYISA ARTHUR,MANI,AFRICAN NATIONAL CONGRESS
Eastern Cape,Nelson Mandela Bay,29300038,MPHUMZI PATRICK,MOMO,AFRICAN NATIONAL CONGRESS
Eastern Cape,Nelson Mandela Bay,29300041,LUYANDA NIEBECK,LAWU,AFRICAN NATIONAL CONGRESS
Eastern Cape,Nelson Mandela Bay,29300042,LULAMA,NGWANE,AFRICAN NATIONAL CONGRESS
Eastern Cape,Nelson Mandela Bay,29300044,LUZUKO,NDAMSE,AFRICAN NATIONAL CONGRESS
Eastern Cape,Nelson Mandela Bay,29300045,SABELO MCDONALD,MABUDA,AFRICAN NATIONAL CONGRESS
Eastern Cape,Nelson Mandela Bay,29300046,NTOBEKO EBEM,NQAKULA,AFRICAN NATIONAL CONGRESS
Eastern Cape,Nelson Mandela Bay,29300047,LUNGILE ZACHARIA,LONGBOOI,AFRICAN NATIONAL CONGRESS
Eastern Cape,Nelson Mandela Bay,29300050,NOMXOLISI,PHEZISA,AFRICAN NATIONAL CONGRESS
Eastern Cape,Nelson Mandela Bay,29300053,ZWELANDILE PATRICK,TSOTSO,AFRICAN NATIONAL CONGRESS
Eastern Cape,Nelson Mandela Bay,29300054,LUNGA,MINYAYO,AFRICAN NATIONAL CONGRESS
Eastern Cape,Nelson Mandela Bay,29300055,PATRICK TANDUXOLO,DODA,AFRICAN NATIONAL CONGRESS
Eastern Cape,Nelson Mandela Bay,29300056,LUBABALO RYDWELL,LUDWABE,AFRICAN NATIONAL CONGRESS
Eastern Cape,Nelson Mandela Bay,29300057,THEMBINKOSI,MASWANA,AFRICAN NATIONAL CONGRESS
Eastern Cape,Nelson Mandela Bay,29300058,MENDISWA LUCIA,MAKUNGA,AFRICAN NATIONAL CONGRESS
Eastern Cape,Nelson Mandela Bay,29300059,BULELANI,MATENJWA,AFRICAN NATIONAL CONGRESS
Eastern Cape,Nelson Mandela Bay,29300060,THEMBINKOSI BETHWELL,MAFANA,AFRICAN NATIONAL CONGRESS
Eastern Cape,Nelson Mandela Bay,29300001,ANDRÉ,VAN DER WESTHUIZEN,DEMOCRATIC ALLIANCE
Eastern Cape,Nelson Mandela Bay,29300002,RENALDO,GOUWS,DEMOCRATIC ALLIANCE
Eastern Cape,Nelson Mandela Bay,29300003,DAVID ALAN,HAYSELDEN,DEMOCRATIC ALLIANCE
Eastern Cape,Nelson Mandela Bay,29300005,TERRI,STANDER,DEMOCRATIC ALLIANCE
Eastern Cape,Nelson Mandela Bay,29300006,GERHARDUS JOHANNES SCHEEPERS,ENGELBRECHT,DEMOCRATIC ALLIANCE
Eastern Cape,Nelson Mandela Bay,29300007,BRENDON STEPHEN,PEGRAM,DEMOCRATIC ALLIANCE
Eastern Cape,Nelson Mandela Bay,29300008,GUSTAV,RAUTENBACH,DEMOCRATIC ALLIANCE
Eastern Cape,Nelson Mandela Bay,29300009,HEINRICH,MÜLLER,DEMOCRATIC ALLIANCE
Eastern Cape,Nelson Mandela Bay,29300010,GNANASAGARAN,MOODLEY,DEMOCRATIC ALLIANCE
Eastern Cape,Nelson Mandela Bay,29300011,GRAHAM HILTON,GELDERBLOEM,DEMOCRATIC ALLIANCE
Eastern Cape,Nelson Mandela Bay,29300012,VERWON NOLAN,BOGGENPOEL,DEMOCRATIC ALLIANCE
Eastern Cape,Nelson Mandela Bay,29300013,INGRID LESLIE,VAN WYK,DEMOCRATIC ALLIANCE
Eastern Cape,Nelson Mandela Bay,29300031,LEETESLINE ALPHONSO,BOOYSEN,DEMOCRATIC ALLIANCE
Eastern Cape,Nelson Mandela Bay,29300032,PIETER,HERMAANS,DEMOCRATIC ALLIANCE
Eastern Cape,Nelson Mandela Bay,29300034,JOHNNY ALRIDGE,ARENDS,DEMOCRATIC ALLIANCE
Eastern Cape,Nelson Mandela Bay,29300035,NOLINE ROSE,MOODLEY,DEMOCRATIC ALLIANCE
Eastern Cape,Nelson Mandela Bay,29300037,TYRONE PETER,ADAMS,DEMOCRATIC ALLIANCE
Eastern Cape,Nelson Mandela Bay,29300039,MAGRIETA JOHANNA,DU TOIT,DEMOCRATIC ALLIANCE
Eastern Cape,Nelson Mandela Bay,29300040,JASON,GROBBELAAR,DEMOCRATIC ALLIANCE
Eastern Cape,Nelson Mandela Bay,29300048,FRANAY ANNE,VAN DE LINDE,DEMOCRATIC ALLIANCE
Eastern Cape,Nelson Mandela Bay,29300049,GEORGEN GASTUV,MIGGELS,DEMOCRATIC ALLIANCE
Eastern Cape,Nelson Mandela Bay,29300051,ROELOF DAVID,BASSON,DEMOCRATIC ALLIANCE
Eastern Cape,Nelson Mandela Bay,29300052,ERNEST FRANCOIS,SWANEPOEL,DEMOCRATIC ALLIANCE
Eastern Cape,Umzimvubu,24402001,MPAKAMISI,KIVIET,AFRICAN NATIONAL CONGRESS
Eastern Cape,Umzimvubu,24402002,NOPALAMENTE,HLANEKELA,AFRICAN NATIONAL CONGRESS
Eastern Cape,Umzimvubu,24402003,ALBERT PHUMLE,MKONTO,AFRICAN NATIONAL CONGRESS
Eastern Cape,Umzimvubu,24402004,LINDISWA,MAPALA-BERA,AFRICAN NATIONAL CONGRESS
Eastern Cape,Umzimvubu,24402005,THOBILIZWI,NGXABI,AFRICAN NATIONAL CONGRESS
Eastern Cape,Umzimvubu,24402006,VUYOLWETHU PATRICK,GOGELA,AFRICAN NATIONAL CONGRESS
Eastern Cape,Umzimvubu,24402007,NKULULEKO,XOLO,AFRICAN NATIONAL CONGRESS
Eastern Cape,Umzimvubu,24402008,DES,NDEMA,AFRICAN NATIONAL CONGRESS
Eastern Cape,Umzimvubu,24402009,AMANDA,JAKUJA,AFRICAN NATIONAL CONGRESS
Eastern Cape,Umzimvubu,24402010,WELCOME ZAMXOLO,NQAKWANA,AFRICAN NATIONAL CONGRESS
Eastern Cape,Umzimvubu,24402011,NOBAHLE,GOGELA,AFRICAN NATIONAL CONGRESS
Eastern Cape,Umzimvubu,24402012,PHEZIWE PRETTY,MAGUJULWA,AFRICAN NATIONAL CONGRESS
Eastern Cape,Umzimvubu,24402013,COLBERT LANGA,NOQHAKALA,AFRICAN NATIONAL CONGRESS
Eastern Cape,Umzimvubu,24402014,SIVIKELE,MATHEBE,AFRICAN NATIONAL CONGRESS
Eastern Cape,Umzimvubu,24402015,MZUKANYILE GEDION,NGWAQA,AFRICAN NATIONAL CONGRESS
Eastern Cape,Umzimvubu,24402016,BUKEKA ROSINAH,KEHLE-SALUKAZANA,AFRICAN NATIONAL CONGRESS
Eastern Cape,Umzimvubu,24402017,NOMBINI,JWARA,AFRICAN NATIONAL CONGRESS
Eastern Cape,Umzimvubu,24402018,TEMBELA EUPHONIA,SINCINDI,AFRICAN NATIONAL CONGRESS
Eastern Cape,Umzimvubu,24402019,VUYISA BATHANDE,SOBHAYI,AFRICAN NATIONAL CONGRESS
Eastern Cape,Umzimvubu,24402020,XOLISA,LUNGU,AFRICAN NATIONAL CONGRESS
Eastern Cape,Umzimvubu,24402021,NKOSOMZI,NOMNGANGA,AFRICAN NATIONAL CONGRESS
Eastern Cape,Umzimvubu,24402022,MZOMHLE,KAKAZA,AFRICAN NATIONAL CONGRESS
Eastern Cape,Umzimvubu,24402023,ZUKISWA GWENDOLINI,MAMPEMVINI,AFRICAN NATIONAL CONGRESS
Eastern Cape,Umzimvubu,24402024,MLUNGISELELI BENJAMIN,JONASE,AFRICAN NATIONAL CONGRESS
Eastern Cape,Umzimvubu,24402025,NONCEBA VERONICA,GIWU,AFRICAN NATIONAL CONGRESS
Eastern Cape,Umzimvubu,24402026,MONWABISI,TUKU,AFRICAN NATIONAL CONGRESS
Eastern Cape,Umzimvubu,24402027,SOLAM,FAYE,AFRICAN NATIONAL CONGRESS
Eastern Cape,Umzimvubu,24402028,LINDIKHAYA,MVEKU,AFRICAN NATIONAL CONGRESS
KwaZulu-Natal,Alfred Duma,52308001,SITHEMBISO,MAKHATHINI,AFRICAN NATIONAL CONGRESS
KwaZulu-Natal,Alfred Duma,52308002,SIMPHIWE XOLANI MUSAWENKOSI,ZWANE,AFRICAN NATIONAL CONGRESS
KwaZulu-Natal,Alfred Duma,52308003,NOKWAZI BARBARA,DLAMINI,AFRICAN NATIONAL CONGRESS
KwaZulu-Natal,Alfred Duma,52308004,LONDATHINA GIVEN,HLOMUKA,AFRICAN NATIONAL CONGRESS
KwaZulu-Natal,Alfred Duma,52308005,MABUTHO SIBONISO,MNGADI,AFRICAN NATIONAL CONGRESS
KwaZulu-Natal,Alfred Duma,52308006,NKOSINATHI JUSTICE,SITHEBE,AFRICAN NATIONAL CONGRESS
KwaZulu-Natal,Alfred Duma,52308008,VUSUMUZI FRED,MEMELA,AFRICAN NATIONAL CONGRESS
KwaZulu-Natal,Alfred Duma,52308009,NKOSINATHI SHADRACK,SITHOLE,AFRICAN NATIONAL CONGRESS
KwaZulu-Natal,Alfred Duma,52308010,XOLANI PEACEFULLY,MNGADI,AFRICAN NATIONAL CONGRESS
KwaZulu-Natal,Alfred Duma,52308011,SIPHAMANDLA SAMUEL,KHUMALO,AFRICAN NATIONAL CONGRESS
KwaZulu-Natal,Alfred Duma,52308021,SANDILE BRIAN,ZIKALALA,AFRICAN NATIONAL CONGRESS
KwaZulu-Natal,Alfred Duma,52308022,XOLANI SIMPHIWE,ZWANE,AFRICAN NATIONAL CONGRESS
KwaZulu-Natal,Alfred Duma,52308025,NKOSINATHI PETROS BETHWELL,MLOTSHWA,AFRICAN NATIONAL CONGRESS
KwaZulu-Natal,Alfred Duma,52308026,NKULULEKO DANIEL,MKHASIBE,AFRICAN NATIONAL CONGRESS
KwaZulu-Natal,Alfred Duma,52308012,SHARON ANN,BUYS,DEMOCRATIC ALLIANCE
KwaZulu-Natal,Alfred Duma,52308013,ANAND,RAJKOOMAR,DEMOCRATIC ALLIANCE
KwaZulu-Natal,Alfred Duma,52308007,KHULEKANI,MDLULI,INKATHA FREEDOM PARTY
KwaZulu-Natal,Alfred Duma,52308014,MTHOKOZISI MAGICAL,KHOZA,INKATHA FREEDOM PARTY
KwaZulu-Natal,Alfred Duma,52308015,XOLANI ORSWALD,KUBHEKA,INKATHA FREEDOM PARTY
KwaZulu-Natal,Alfred Duma,52308016,MDUDUZI GARNET,ZIKALALA,INKATHA FREEDOM PARTY
KwaZulu-Natal,Alfred Duma,52308017,THLASIZWE CHRISTOPHER,MLABA,INKATHA FREEDOM PARTY
KwaZulu-Natal,Alfred Duma,52308018,SANELE LESLEY,MSIMANGO,INKATHA FREEDOM PARTY
KwaZulu-Natal,Alfred Duma,52308019,SAKHILE LUCIAUS,MSWANE,INKATHA FREEDOM PARTY
KwaZulu-Natal,Alfred Duma,52308020,ABBAS SHEIK DAWOOD,WARASALLY,INKATHA FREEDOM PARTY
KwaZulu-Natal,Alfred Duma,52308023,THOBANI PRINCE,DLAMINI,INKATHA FREEDOM PARTY
KwaZulu-Natal,Alfred Duma,52308024,THEMBINKOSI NICHOLAS,NGCOBO,INKATHA FREEDOM PARTY
KwaZulu-Natal,Alfred Duma,52308027,AUSTIN BHEKISIA,XABA,INKATHA FREEDOM PARTY
KwaZulu-Natal,Alfred Duma,52308028,BHEKOKWAKHE CHRISTOPHER,MAJOLA,INKATHA FREEDOM PARTY
KwaZulu-Natal,Alfred Duma,52308030,ZAMUKWENZANI ISRAEL,MADONDO,INKATHA FREEDOM PARTY
KwaZulu-Natal,Alfred Duma,52308031,BHIZA MUZOMUSHA,NZUZA,INKATHA FREEDOM PARTY
KwaZulu-Natal,Alfred Duma,52308032,SIHLE EMMANUEL,NGUBANE,INKATHA FREEDOM PARTY
KwaZulu-Natal,Alfred Duma,52308033,SIPHELELE MINI-ENHLE,NENE,INKATHA FREEDOM PARTY
KwaZulu-Natal,Alfred Duma,52308034,MZUZWANA,MAGASELA,INKATHA FREEDOM PARTY
KwaZulu-Natal,Alfred Duma,52308035,NTUTHUKO,MBHENSE,INKATHA FREEDOM PARTY
KwaZulu-Natal,Alfred Duma,52308036,SIZWE,SIMELANE,INKATHA FREEDOM PARTY
KwaZulu-Natal,Alfred Duma,52308037,MZWAKHE PAMU,ZUNGU,INKATHA FREEDOM PARTY
KwaZulu-Natal,Nqutu,52402002,CYPRIAN SIYABONGA,THUSINI,AFRICAN NATIONAL CONGRESS
KwaZulu-Natal,Nqutu,52402004,SIYABUSA SIPHELELE,LANGA,AFRICAN NATIONAL CONGRESS
KwaZulu-Natal,Nqutu,52402014,PRIMROSE WINNIE JABULISIWE,BUTHELEZI,AFRICAN NATIONAL CONGRESS
KwaZulu-Natal,Nqutu,52402017,THANDAZANI MICHAEL,HADEBE,AFRICAN NATIONAL CONGRESS
KwaZulu-Natal,Nqutu,52402019,SIBUSISO MANDLENKOSI CHARLES,ZIKODE,AFRICAN NATIONAL CONGRESS
KwaZulu-Natal,Nqutu,52402001,ZANELE,SITHOLE,INKATHA FREEDOM PARTY
KwaZulu-Natal,Nqutu,52402003,LINDOKUHLE,MKHWANAZI,INKATHA FREEDOM PARTY
KwaZulu-Natal,Nqutu,52402005,MBONGENI EPHRAIM,MNGUNI,INKATHA FREEDOM PARTY
KwaZulu-Natal,Nqutu,52402006,SIMISO BENARD,SIMELANE,INKATHA FREEDOM PARTY
KwaZulu-Natal,Nqutu,52402007,NJABULO MBONGELENI,BUTHELEZI,INKATHA FREEDOM PARTY
KwaZulu-Natal,Nqutu,52402008,MLUNGISI INNOCENT,KHOZA,INKATHA FREEDOM PARTY
KwaZulu-Natal,Nqutu,52402009,SAKHILE DEDRICK,MASIMULA,INKATHA FREEDOM PARTY
KwaZulu-Natal,Nqutu,52402010,MENGIWE RONIT,NGOBESE,INKATHA FREEDOM PARTY
KwaZulu-Natal,Nqutu,52402011,SIFISO MSALOFY,BUTHELEZI,INKATHA FREEDOM PARTY
KwaZulu-Natal,Nqutu,52402012,SITHEMBILE,RADEBE,INKATHA FREEDOM PARTY
KwaZulu-Natal,Nqutu,52402013,ZANDILE,NDLOVU,INKATHA FREEDOM PARTY
KwaZulu-Natal,Nqutu,52402015,JERRY NATHI,KHOZA,INKATHA FREEDOM PARTY
KwaZulu-Natal,Nqutu,52402016,MUNTU CYPRIAN,MNGUNI,INKATHA FREEDOM PARTY
KwaZulu-Natal,Nqutu,52402018,THAMSANQA ABION,DLAMINI,INKATHA FREEDOM PARTY
KwaZulu-Natal,Newcaste,52502025,SHAILENDRA,SINGH,ACTIONSA
KwaZulu-Natal,Newcaste,52502001,NTOMBINCANE PAULINE,SHABALALA,AFRICAN NATIONAL CONGRESS
KwaZulu-Natal,Newcaste,52502005,HEDWICK NONTETHELELO,KHUMALO,AFRICAN NATIONAL CONGRESS
KwaZulu-Natal,Newcaste,52502007,LUCKY PRINCE,NDEBELE,AFRICAN NATIONAL CONGRESS
KwaZulu-Natal,Newcaste,52502008,BHEKI GIFT,MADI,AFRICAN NATIONAL CONGRESS
KwaZulu-Natal,Newcaste,52502010,MICHAEL THABISO,LETHEA,AFRICAN NATIONAL CONGRESS
KwaZulu-Natal,Newcaste,52502011,MQONDISI JEFFREY,DLADLA,AFRICAN NATIONAL CONGRESS
KwaZulu-Natal,Newcaste,52502012,REUBEN MOSES,MOLELEKOA,AFRICAN NATIONAL CONGRESS
KwaZulu-Natal,Newcaste,52502013,MALUSI OSCAR,NDLOVU,AFRICAN NATIONAL CONGRESS
KwaZulu-Natal,Newcaste,52502014,LINDANI PRINCE,XIMBA,AFRICAN NATIONAL CONGRESS
KwaZulu-Natal,Newcaste,52502015,PHILEMON FANIE,MNISI,AFRICAN NATIONAL CONGRESS
KwaZulu-Natal,Newcaste,52502017,MAQILI MHLANUBANZI ELLIAS,HLATSHWAYO,AFRICAN NATIONAL CONGRESS
KwaZulu-Natal,Newcaste,52502019,NIKIWE ZAMILE BRIGED,KUNENE,AFRICAN NATIONAL CONGRESS
KwaZulu-Natal,Newcaste,52502020,BONGANI DERRICK,MATHUNJWA,AFRICAN NATIONAL CONGRESS
KwaZulu-Natal,Newcaste,52502021,MARJORIE TANDI DOROTHA,MAKHOBA,AFRICAN NATIONAL CONGRESS
KwaZulu-Natal,Newcaste,52502022,SIZWE WILLIAM,MNGOMEZULU,AFRICAN NATIONAL CONGRESS
KwaZulu-Natal,Newcaste,52502023,MBALI PENELOPE,MKHWANAZI,AFRICAN NATIONAL CONGRESS
KwaZulu-Natal,Newcaste,52502024,SKHUMBUZO EMMANUEL,SHABANGU,AFRICAN NATIONAL CONGRESS
KwaZulu-Natal,Newcaste,52502026,WELILE PRIMROSE,NKOSI,AFRICAN NATIONAL CONGRESS
KwaZulu-Natal,Newcaste,52502027,VUYANI GIFT,ZONDO,AFRICAN NATIONAL CONGRESS
KwaZulu-Natal,Newcaste,52502029,XOLANI SIMON,MAKHUBO,AFRICAN NATIONAL CONGRESS
KwaZulu-Natal,Newcaste,52502030,ZAKHENI ERICK,ZWANE,AFRICAN NATIONAL CONGRESS
KwaZulu-Natal,Newcaste,52502002,ELIZABETH JOHANNA CECELIA,CRONJÉ,DEMOCRATIC ALLIANCE
KwaZulu-Natal,Newcaste,52502003,PREMAWATHIE,HARIRAM,DEMOCRATIC ALLIANCE
KwaZulu-Natal,Newcaste,52502004,ALBERTUS PIETER,MEIRING,DEMOCRATIC ALLIANCE
KwaZulu-Natal,Newcaste,52502034,RICHARD NKOSINATHI,NGCOBO,DEMOCRATIC ALLIANCE
KwaZulu-Natal,Newcaste,52502006,MBONGENI EDWARD,HLATSHWAYO,INKATHA FREEDOM PARTY
KwaZulu-Natal,Newcaste,52502009,LINDENI PRINCESS,MAZIBUKO,INKATHA FREEDOM PARTY
KwaZulu-Natal,Newcaste,52502016,SABELO,NTSELE,INKATHA FREEDOM PARTY
KwaZulu-Natal,Newcaste,52502018,DAVID XOLANI,DUBE,INKATHA FREEDOM PARTY
KwaZulu-Natal,Newcaste,52502032,VUSUMUZI NICHOLAS,SIBEKO,INKATHA FREEDOM PARTY
KwaZulu-Natal,Newcaste,52502033,MBONGISENI ENOCK,BUTHELEZI,INKATHA FREEDOM PARTY
KwaZulu-Natal,Newcaste,52502028,SHEDRACK MUSANWENKOSI,THWALA,TEAM SUGAR SOUTH AFRICA
Free State,Letsemeng,41601001,ITUMELENG IMMANUEL,RAMOHLABI,AFRICAN NATIONAL CONGRESS
Free State,Letsemeng,41601002,VUYANI KLAAS,STUURMAN,AFRICAN NATIONAL CONGRESS
Free State,Letsemeng,41601003,MOLAHLEHI ABRAM,LEBAKA,AFRICAN NATIONAL CONGRESS
Free State,Letsemeng,41601004,HANI XOLANI,MTHUKWANE,AFRICAN NATIONAL CONGRESS
Free State,Letsemeng,41601005,NESTHOR JESSY THATO,KUMALO,AFRICAN NATIONAL CONGRESS
Free State,Letsemeng,41601006,KGOMOTSO DAVID,MOLUSI,AFRICAN NATIONAL CONGRESS
Free State,Letsemeng,41601007,SEMAKALENG DESIREE,LICHABA,AFRICAN NATIONAL CONGRESS
Free State,Kopanong,41602001,ITUMELENG BENJAMIN,MPHOU,AFRICAN NATIONAL CONGRESS
Free State,Kopanong,41602002,MOTSAMAI GODFREY,MOKHESENG,AFRICAN NATIONAL CONGRESS
Free State,Kopanong,41602003,MOEKETSI MICHAEL,MOTLOHI,AFRICAN NATIONAL CONGRESS
Free State,Kopanong,41602004,VUYISILE ISHMAEL,JONAS,AFRICAN NATIONAL CONGRESS
Free State,Kopanong,41602005,NOMATHEMBA SYLVIA,SPOGTER,AFRICAN NATIONAL CONGRESS
Free State,Kopanong,41602006,XOLANI JOHNY,TSELETSELE,AFRICAN NATIONAL CONGRESS
Free State,Kopanong,41602007,MOREKIEMANG JERRY,MOITSE,AFRICAN NATIONAL CONGRESS
Free State,Kopanong,41602008,MZIWANELE VINCENT,MALGAS,AFRICAN NATIONAL CONGRESS
Free State,Kopanong,41602009,PHEELLO MILLARD,MOTANTSI,AFRICAN NATIONAL CONGRESS
Free State,Mohokare,41603001,PULE PETRUS,MAHAPANE,AFRICAN NATIONAL CONGRESS
Free State,Mohokare,41603002,TEBOHO DANIEL,MOCHECHEPA,AFRICAN NATIONAL CONGRESS
Free State,Mohokare,41603003,TSHEPO JACOB,NOVEMBER,AFRICAN NATIONAL CONGRESS
Free State,Mohokare,41603005,DAMON,JOB,AFRICAN NATIONAL CONGRESS
Free State,Mohokare,41603006,RETSHEDISITSWE JOHANNES,THUHLO,AFRICAN NATIONAL CONGRESS
Free State,Mohokare,41603007,THABISO EMMANUEL,NAI,AFRICAN NATIONAL CONGRESS
Free State,Mohokare,41603004,MOJALEFA AMSTRONG,LETELE,INDEPENDENT
Gauteng,Emfuleni,74201002,YONGAMA,MOTI,AFRICAN NATIONAL CONGRESS
Gauteng,Emfuleni,74201003,MGOPELWA ELIAS,MOGORO,AFRICAN NATIONAL CONGRESS
Gauteng,Emfuleni,74201006,MTHETHUNZIMA HEADMAN,TIME,AFRICAN NATIONAL CONGRESS
Gauteng,Emfuleni,74201007,NKOSINATHI GADI,NDWANDWE,AFRICAN NATIONAL CONGRESS
Gauteng,Emfuleni,74201008,SHADRACK NTJANYANA,PHALA,AFRICAN NATIONAL CONGRESS
Gauteng,Emfuleni,74201011,SEFATSA JOSHUA,SEFATSA,AFRICAN NATIONAL CONGRESS
Gauteng,Emfuleni,74201012,MOFEREFERE DAVID,MOKOLOPO,AFRICAN NATIONAL CONGRESS
Gauteng,Emfuleni,74201013,MADITABA ELISA,MOHALE,AFRICAN NATIONAL CONGRESS
Gauteng,Emfuleni,74201014,MPHO MARIA,SERAPELO,AFRICAN NATIONAL CONGRESS
Gauteng,Emfuleni,74201016,DODA PETRUS,MKHUMBENI,AFRICAN NATIONAL CONGRESS
Gauteng,Emfuleni,74201017,MTHUZIMELE,SIKUKULA,AFRICAN NATIONAL CONGRESS
Gauteng,Emfuleni,74201018,THANDI MARIA,KHOZA,AFRICAN NATIONAL CONGRESS
Gauteng,Emfuleni,74201019,ELIAS RADITSHILA,MOKOENA,AFRICAN NATIONAL CONGRESS
Gauteng,Emfuleni,74201020,VUSUMUZI RICHARD,RAMOSHABA,AFRICAN NATIONAL CONGRESS
Gauteng,Emfuleni,74201021,SIPHO MDANYANE STEPHEN,RADEBE,AFRICAN NATIONAL CONGRESS
Gauteng,Emfuleni,74201022,SIBONISELE CHRISTOPHER,ZITHA,AFRICAN NATIONAL CONGRESS
Gauteng,Emfuleni,74201023,MAKHALA REGINAH,LESAOANA,AFRICAN NATIONAL CONGRESS
Gauteng,Emfuleni,74201024,RETHABILE MICHAEL,HLAKANE,AFRICAN NATIONAL CONGRESS
Gauteng,Emfuleni,74201025,MOKETE MICHAEL,TLADI,AFRICAN NATIONAL CONGRESS
Gauteng,Emfuleni,74201026,TLALA ISAAC,LEKHEMA,AFRICAN NATIONAL CONGRESS
Gauteng,Emfuleni,74201027,ALPHONS DIKOTSI,MOKOENA,AFRICAN NATIONAL CONGRESS
Gauteng,Emfuleni,74201028,PETER CEDRIC,DAVIDS,AFRICAN NATIONAL CONGRESS
Gauteng,Emfuleni,74201029,MOOKGO ALINA,TSHABALALA,AFRICAN NATIONAL CONGRESS
Gauteng,Emfuleni,74201030,MTHANDAZO BENNETT,JANTJIE,AFRICAN NATIONAL CONGRESS
Gauteng,Emfuleni,74201031,SIBONGILE JUDITH,NAAPO,AFRICAN NATIONAL CONGRESS
Gauteng,Emfuleni,74201032,KGATLA PETRUS,LIUTLOILENG,AFRICAN NATIONAL CONGRESS
Gauteng,Emfuleni,74201033,MATHABO AGNES,DONDOLO,AFRICAN NATIONAL CONGRESS
Gauteng,Emfuleni,74201034,STEPHEN TSOLONYANA,MOKOENA,AFRICAN NATIONAL CONGRESS
Gauteng,Emfuleni,74201035,MAPITSO VICTORIA,MOLEPO,AFRICAN NATIONAL CONGRESS
Gauteng,Emfuleni,74201036,MPHO GAYMOND,KODISANG,AFRICAN NATIONAL CONGRESS
Gauteng,Emfuleni,74201037,HASSAN MOSOLA,MAKO,AFRICAN NATIONAL CONGRESS
Gauteng,Emfuleni,74201038,PATIWE JOHN,NHLAPO,AFRICAN NATIONAL CONGRESS
Gauteng,Emfuleni,74201039,ANDRIES SABA,LEKELETSANE,AFRICAN NATIONAL CONGRESS
Gauteng,Emfuleni,74201040,MOEKETSI PIET,MOSIA,AFRICAN NATIONAL CONGRESS
Gauteng,Emfuleni,74201041,JIMMY SANDILE,MOCHAWE,AFRICAN NATIONAL CONGRESS
Gauteng,Emfuleni,74201042,MORENA DANIEL,MOLEFE,AFRICAN NATIONAL CONGRESS
Gauteng,Emfuleni,74201043,JACOB RABONE,TLADI,AFRICAN NATIONAL CONGRESS
Gauteng,Emfuleni,74201044,DORCAS SIBONGILE,SOXUZA,AFRICAN NATIONAL CONGRESS
Gauteng,Emfuleni,74201001,MAGDALENA,VENTER,DEMOCRATIC ALLIANCE
Gauteng,Emfuleni,74201004,EDWARD KHULULEKILE,VON BODENSTEIN,DEMOCRATIC ALLIANCE
Gauteng,Emfuleni,74201005,MAUREEN SYLVIA DOROTHY,DOSOUDIL,DEMOCRATIC ALLIANCE
Gauteng,Emfuleni,74201009,YVONNE,COERTZE,DEMOCRATIC ALLIANCE
Gauteng,Emfuleni,74201010,PETER ANDRE,VERBEEK,DEMOCRATIC ALLIANCE
Gauteng,Emfuleni,74201015,BUSISIWE PRUDENS,HLANYANE,DEMOCRATIC ALLIANCE
Gauteng,Emfuleni,74201045,ELIZE,AUCAMP,DEMOCRATIC ALLIANCE
Gauteng,Midvaal,74202006,THABANG SIMON,MOFOKENG,AFRICAN NATIONAL CONGRESS
Gauteng,Midvaal,74202008,MICHAEL MARUMATSHO,NDEBELE,AFRICAN NATIONAL CONGRESS
Gauteng,Midvaal,74202010,DANIEL TUMELO,MOKHOMO,AFRICAN NATIONAL CONGRESS
Gauteng,Midvaal,74202001,FREDERICH WILHELM,PETERS,DEMOCRATIC ALLIANCE
Gauteng,Midvaal,74202002,SALOMÉ MARY ANTOINETTE,JANSE VAN RENSBURG,DEMOCRATIC ALLIANCE
Gauteng,Midvaal,74202003,BERLINA JOHANNA,JORDAAN,DEMOCRATIC ALLIANCE
Gauteng,Midvaal,74202004,MARY-ANNE,MYBURGH,DEMOCRATIC ALLIANCE
Gauteng,Midvaal,74202005,PATRICIA DAPHNE,PRETORIUS,DEMOCRATIC ALLIANCE
Gauteng,Midvaal,74202007,LESLEY THERESA HOLDEN,VISSER,DEMOCRATIC ALLIANCE
Gauteng,Midvaal,74202009,REGINALD JAMES,HUBBARD,DEMOCRATIC ALLIANCE
Gauteng,Midvaal,74202011,MOHANOE ABRAM,MAIMANE,DEMOCRATIC ALLIANCE
Gauteng,Midvaal,74202012,MARIANA CATHERINE,KRUGER,DEMOCRATIC ALLIANCE
Gauteng,Midvaal,74202013,JOHANNES GERRIT,VILJOEN,DEMOCRATIC ALLIANCE
Gauteng,Midvaal,74202014,PHILIPPUS CHRISTOFFEL,PRETORIUS,DEMOCRATIC ALLIANCE
Gauteng,Midvaal,74202015,ANTHONY HALLIWELL,DICKINSON,DEMOCRATIC ALLIANCE
Gauteng,Lesedi,74203001,MPHIKELELI JOSIAH,KUBHEKA,AFRICAN NATIONAL CONGRESS
Gauteng,Lesedi,74203002,DANIEL,TSOTETSI,AFRICAN NATIONAL CONGRESS
Gauteng,Lesedi,74203003,BHEKI MISHACK,MKHIZE,AFRICAN NATIONAL CONGRESS
Gauteng,Lesedi,74203004,MODIYEHI EMILY,MAGAZI,AFRICAN NATIONAL CONGRESS
Gauteng,Lesedi,74203005,THEMBA JOSEPH,GAMA,AFRICAN NATIONAL CONGRESS
Gauteng,Lesedi,74203006,FANELO ELIAS JAMES,KHUMALO,AFRICAN NATIONAL CONGRESS
Gauteng,Lesedi,74203007,PHINDI RACHEL,MPEMVU,AFRICAN NATIONAL CONGRESS
Gauteng,Lesedi,74203011,MAPULE VIONAH,MOTSEPE,AFRICAN NATIONAL CONGRESS
Gauteng,Lesedi,74203012,SIMON JAPI,MNYAKENI,AFRICAN NATIONAL CONGRESS
Gauteng,Lesedi,74203013,MASHELE SEBONIKHALISO,LUKHELE,AFRICAN NATIONAL CONGRESS
Gauteng,Lesedi,74203009,GERHARD CHARLES,HOLTZHAUSEN,DEMOCRATIC ALLIANCE
Gauteng,Lesedi,74203010,CLAUDINE GEORGIA,NAIDOO,DEMOCRATIC ALLIANCE
Limpopo,Greater Giyani,93301001,XIHLAMARISO LAIZA,NGOBENI,AFRICAN NATIONAL CONGRESS
Limpopo,Greater Giyani,93301002,NEO STEVEN,MONYIPOTE,AFRICAN NATIONAL CONGRESS
Limpopo,Greater Giyani,93301003,VONGANI SYDWELL,MAKAMU,AFRICAN NATIONAL CONGRESS
Limpopo,Greater Giyani,93301004,MOLATA CEDRICK,MACHIPI,AFRICAN NATIONAL CONGRESS
Limpopo,Greater Giyani,93301005,MIKATEKO CALSON,CHABALALA,AFRICAN NATIONAL CONGRESS
Limpopo,Greater Giyani,93301007,RIVALANI GIVEN,NGUNYULA,AFRICAN NATIONAL CONGRESS
Limpopo,Greater Giyani,93301008,PHILLIP THOMANE,MOKGOBI,AFRICAN NATIONAL CONGRESS
Limpopo,Greater Giyani,93301009,MASENYANI ADOLPH,KHOSA,AFRICAN NATIONAL CONGRESS
Limpopo,Greater Giyani,93301010,THABO EPHRAIM,RIKHOTSO,AFRICAN NATIONAL CONGRESS
Limpopo,Greater Giyani,93301011,MSISINYANI RESPECT,MALULEKE,AFRICAN NATIONAL CONGRESS
Limpopo,Greater Giyani,93301012,TIYANI ETTIEN,NKUNA,AFRICAN NATIONAL CONGRESS
Limpopo,Greater Giyani,93301013,SHARON,SAMBO,AFRICAN NATIONAL CONGRESS
Limpopo,Greater Giyani,93301015,SOYAPHI CALVIN,MAHLAWULE,AFRICAN NATIONAL CONGRESS
Limpopo,Greater Giyani,93301016,TIRHANI NORIAH,SHIRINDA,AFRICAN NATIONAL CONGRESS
Limpopo,Greater Giyani,93301017,PIET HLENGANI,MAKHUVELA,AFRICAN NATIONAL CONGRESS
Limpopo,Greater Giyani,93301018,TIVEKA AGNES,MATHOSI,AFRICAN NATIONAL CONGRESS
Limpopo,Greater Giyani,93301019,NZAMA RECKSON,SHILOWA,AFRICAN NATIONAL CONGRESS
Limpopo,Greater Giyani,93301020,RISIMATI EDWARD,NGOVENI,AFRICAN NATIONAL CONGRESS
Limpopo,Greater Giyani,93301021,KHAZAMULA ORDERS,MASWANGANYI,AFRICAN NATIONAL CONGRESS
Limpopo,Greater Giyani,93301022,PEMLY,RIKHOTSO,AFRICAN NATIONAL CONGRESS
Limpopo,Greater Giyani,93301023,JOHANNES PHANUEL,SHIBAMBU,AFRICAN NATIONAL CONGRESS
Limpopo,Greater Giyani,93301024,LENNY,NKUNA,AFRICAN NATIONAL CONGRESS
Limpopo,Greater Giyani,93301025,NKHENSANI HARMONY PRETTY,NDABA,AFRICAN NATIONAL CONGRESS
Limpopo,Greater Giyani,93301026,ROBERT TIMHAKA,MABUNDA,AFRICAN NATIONAL CONGRESS
Limpopo,Greater Giyani,93301027,ELIAH,MAHASHA,AFRICAN NATIONAL CONGRESS
Limpopo,Greater Giyani,93301028,AUDREY TIYANI,RABOTHATA,AFRICAN NATIONAL CONGRESS
Limpopo,Greater Giyani,93301029,JABULANI NORMAN,MASHELE,AFRICAN NATIONAL CONGRESS
Limpopo,Greater Giyani,93301030,RISIMATI ERIC,MAKONDO,AFRICAN NATIONAL CONGRESS
Limpopo,Greater Giyani,93301031,CEDRICK SOYAPHI,RIKHOTSO,AFRICAN NATIONAL CONGRESS
Limpopo,Greater Giyani,93301006,SIZEKA MACKSON,HLONGWANE,INDEPENDENT
Limpopo,Greater Giyani,93301014,SOYAPHI MACKSON,MHANGWANE,INDEPENDENT
Limpopo,Greater Letaba,93302001,REFILWE WILBERT,MOHALE,AFRICAN NATIONAL CONGRESS
Limpopo,Greater Letaba,93302002,LEKUKELA MATTHEWS,SEOKA,AFRICAN NATIONAL CONGRESS
Limpopo,Greater Letaba,93302003,RAMOSWEU RUDOLF,LEBEPE,AFRICAN NATIONAL CONGRESS
Limpopo,Greater Letaba,93302004,MOTHIPA ISAAC,MANYAMA,AFRICAN NATIONAL CONGRESS
Limpopo,Greater Letaba,93302005,SALOME MOTLATSO,RASEBOTJA,AFRICAN NATIONAL CONGRESS
Limpopo,Greater Letaba,93302006,NGWAKO PRINCE,MOKGOMOLA,AFRICAN NATIONAL CONGRESS
Limpopo,Greater Letaba,93302007,REGINAH MOKGADI,NAKANA,AFRICAN NATIONAL CONGRESS
Limpopo,Greater Letaba,93302008,SIMON MASILU,MAAKE,AFRICAN NATIONAL CONGRESS
Limpopo,Greater Letaba,93302009,AGNES MOTLATSO,RAMALATSO,AFRICAN NATIONAL CONGRESS
Limpopo,Greater Letaba,93302010,THEKO EDMOND,MAKGATHO,AFRICAN NATIONAL CONGRESS
Limpopo,Greater Letaba,93302011,KHILA ELIZABETH,RAMAANO,AFRICAN NATIONAL CONGRESS
Limpopo,Greater Letaba,93302012,MOTSATSI GLORIA,MASHAO,AFRICAN NATIONAL CONGRESS
Limpopo,Greater Letaba,93302013,VICTOR MPHO,LEKITIMA,AFRICAN NATIONAL CONGRESS
Limpopo,Greater Letaba,93302014,NGWAKO FREDDY,LEBEKO,AFRICAN NATIONAL CONGRESS
Limpopo,Greater Letaba,93302015,MPHALELWA SHADRACK,MOKHABUKHI,AFRICAN NATIONAL CONGRESS
Limpopo,Greater Letaba,93302016,MARVIN PATRICK,NGOBENI,AFRICAN NATIONAL CONGRESS
Limpopo,Greater Letaba,93302017,MAMADI MORRIS,MANKGERO,AFRICAN NATIONAL CONGRESS
Limpopo,Greater Letaba,93302018,BONGANI HUDSON,NDIMA,AFRICAN NATIONAL CONGRESS
Limpopo,Greater Letaba,93302019,ENGAS,MABIDILALA,AFRICAN NATIONAL CONGRESS
Limpopo,Greater Letaba,93302020,EUGENE SIBUSISO,RAMPYAPEDI,AFRICAN NATIONAL CONGRESS
Limpopo,Greater Letaba,93302021,KEDIBONE BETTY,MONYELA,AFRICAN NATIONAL CONGRESS
Limpopo,Greater Letaba,93302022,BANYALANG AGNES,MAMAILA,AFRICAN NATIONAL CONGRESS
Limpopo,Greater Letaba,93302023,NTEME,MAAKE,AFRICAN NATIONAL CONGRESS
Limpopo,Greater Letaba,93302024,DIKELEDI DORAH,MAMATLEPA,AFRICAN NATIONAL CONGRESS
Limpopo,Greater Letaba,93302025,MALESELA SOLOMON,MODIKA,AFRICAN NATIONAL CONGRESS
Limpopo,Greater Letaba,93302026,MAKOMA JOSEPHINE,MOHALE,AFRICAN NATIONAL CONGRESS
Limpopo,Greater Letaba,93302027,MPHO BENJAMIN,MORWATSHEHLA,AFRICAN NATIONAL CONGRESS
Limpopo,Greater Letaba,93302028,SIBUSISO JEFFREY,HLUNGWANI,AFRICAN NATIONAL CONGRESS
Limpopo,Greater Letaba,93302029,MOHALE COLLEN,MALATJI,AFRICAN NATIONAL CONGRESS
Limpopo,Greater Letaba,93302030,JOHANNAH MOSEBUDI,LEBEYA,AFRICAN NATIONAL CONGRESS
Mpumalanga,Chief Albert Luthuli,83001001,MBHABHATHIZI JOHANNES,NKUMANE,AFRICAN NATIONAL CONGRESS
Mpumalanga,Chief Albert Luthuli,83001002,SANDILE PRAISEGOD,KHUMALO,AFRICAN NATIONAL CONGRESS
Mpumalanga,Chief Albert Luthuli,83001004,VUSI BOY,MABUZA,AFRICAN NATIONAL CONGRESS
Mpumalanga,Chief Albert Luthuli,83001005,NOMPUMELELO PRUDENCE,NKOSI,AFRICAN NATIONAL CONGRESS
Mpumalanga,Chief Albert Luthuli,83001006,SIBUSISO NICHOLUS,DUBE,AFRICAN NATIONAL CONGRESS
Mpumalanga,Chief Albert Luthuli,83001007,BHEKI LUCKY,MANANA,AFRICAN NATIONAL CONGRESS
Mpumalanga,Chief Albert Luthuli,83001008,ZAMOKUHLE CHARLES,METHULA,AFRICAN NATIONAL CONGRESS
Mpumalanga,Chief Albert Luthuli,83001009,KUKI VINCENT,NKAMBULE,AFRICAN NATIONAL CONGRESS
Mpumalanga,Chief Albert Luthuli,83001010,SIBUSISO KNOWLEDGE,LULANE,AFRICAN NATIONAL CONGRESS
Mpumalanga,Chief Albert Luthuli,83001011,JEANET,MAKENE,AFRICAN NATIONAL CONGRESS
Mpumalanga,Chief Albert Luthuli,83001012,XOLANI SAM GOODWILL,SHIBA,AFRICAN NATIONAL CONGRESS
Mpumalanga,Chief Albert Luthuli,83001013,PRECIOUS THEMBELIHLE,HLATSHWAYO,AFRICAN NATIONAL CONGRESS
Mpumalanga,Chief Albert Luthuli,83001014,BONGINHLANHLA MAGNIFICENT,MAUKU,AFRICAN NATIONAL CONGRESS
Mpumalanga,Chief Albert Luthuli,83001015,LAWRENCE MZWANDILE,MNCINA,AFRICAN NATIONAL CONGRESS
Mpumalanga,Chief Albert Luthuli,83001016,STEVEN JAMLUDI,MAISELA,AFRICAN NATIONAL CONGRESS
Mpumalanga,Chief Albert Luthuli,83001017,RYDER MANDLA,MOTAUNG,AFRICAN NATIONAL CONGRESS
Mpumalanga,Chief Albert Luthuli,83001018,OBED,GININDA,AFRICAN NATIONAL CONGRESS
Mpumalanga,Chief Albert Luthuli,83001019,BANELE MOSES,MASUKU,AFRICAN NATIONAL CONGRESS
Mpumalanga,Chief Albert Luthuli,83001020,JABULANE TREVOR,MATHEBULA,AFRICAN NATIONAL CONGRESS
Mpumalanga,Chief Albert Luthuli,83001021,PETER SAUL,MBOKANE,AFRICAN NATIONAL CONGRESS
Mpumalanga,Chief Albert Luthuli,83001022,DUMSANI,JELE,AFRICAN NATIONAL CONGRESS
Mpumalanga,Chief Albert Luthuli,83001023,PRECIOUS ZANDILE,NKOSI,AFRICAN NATIONAL CONGRESS
Mpumalanga,Chief Albert Luthuli,83001024,SUSAN JABULILE,THWALA,AFRICAN NATIONAL CONGRESS
Mpumalanga,Chief Albert Luthuli,83001025,ABEL JULY,NKOSI,AFRICAN NATIONAL CONGRESS
